[
  {
    "id": 1,
    "category": "Morning",
    "title": "Dua on Waking Up",
    "arabic": "الْحَمْدُ لِلَّهِ الَّذِي أَحْيَانَا بَعْدَ مَا أَمَاتَنَا وَإِلَيْهِ النُّشُورُ",
    "transliteration": "Al-ḥamdu lillāhi alladhī aḥyānā ba‘da mā amātanā wa ilayhi n-nushūr",
    "translation": "All praise is for Allah Who gave us life after He caused us to die, and to Him is the return.",
    "reference": "Sahih Muslim 2718",
    "tags": ["morning", "waking"]
  },
  {
    "id": 2,
    "category": "Evening",
    "title": "Dua Before Sleeping",
    "arabic": "بِاسْمِكَ اللَّهُمَّ أَمُوتُ وَأَحْيَا",
    "transliteration": "Bismika Allāhumma amūtu wa aḥyā",
    "translation": "In Your name, O Allah, I die and I live.",
    "reference": "Sahih al-Bukhari 6315",
    "tags": ["sleep", "evening"]
  },
  {
    "id": 3,
    "category": "Restroom",
    "title": "Entering the Restroom",
    "arabic": "اللَّهُمَّ إِنِّي أَعُوذُ بِكَ مِنَ الْخُبْثِ وَالْخَبَائِثِ",
    "transliteration": "Allāhumma innī a‘ūdhu bika minal khubthi wal khabā’ith",
    "translation": "O Allah, I seek refuge in You from the male and female unclean spirits.",
    "reference": "Sahih Muslim 274",
    "tags": ["restroom", "protection"]
  },
  {
    "id": 4,
    "category": "Restroom",
    "title": "Leaving the Restroom",
    "arabic": "غُفْرَانَكَ",
    "transliteration": "Ghufranaka",
    "translation": "I seek Your forgiveness.",
    "reference": "Sahih Muslim 283",
    "tags": ["restroom", "forgiveness"]
  },
  {
    "id": 5,
    "category": "Drinking",
    "title": "Before Drinking",
    "arabic": "بِسْمِ اللَّهِ",
    "transliteration": "Bismillāh",
    "translation": "In the name of Allah.",
    "reference": "Sunan Abī Dāwūd 3769",
    "tags": ["drinking", "food"]
  },
  {
    "id": 6,
    "category": "Drinking",
    "title": "After Drinking",
    "arabic": "الْحَمْدُ لِلَّهِ الَّذِي سَقَانَا",
    "transliteration": "Al-ḥamdu lillāhil-ladhī saqānā",
    "translation": "All praise is for Allah Who gave us drink.",
    "reference": "Sunan al-Tirmidhī 3459",
    "tags": ["drinking", "gratitude"]
  },
  {
    "id": 7,
    "category": "Morning",
    "title": "Seeking Good for the Day",
    "arabic": "اللَّهُمَّ إِنِّي أَسْأَلُكَ خَيْرَ هَذَا الْيَوْمِ...",
    "transliteration": "Allāhumma innī as’aluka khayra hādhā al-yawm...",
    "translation": "O Allah, I ask You for the good of this day…",
    "reference": "Sunan Abī Dāwūd 5084",
    "tags": ["morning", "good"]
  },
  {
    "id": 8,
    "category": "Evening",
    "title": "Seeking Protection in the Evening",
    "arabic": "أَعُوذُ بِكَلِمَاتِ اللَّهِ التَّامَّاتِ...",
    "transliteration": "Aʿūdhu bikalimāti-llāhi at-tāmmāti...",
    "translation": "I seek refuge in the perfect words of Allah…",
    "reference": "Ṣaḥīḥ Muslim 2708",
    "tags": ["evening", "protection"]
  },
  {
    "id": 9,
    "category": "Prayer",
    "title": "Opening Dua of Salah",
    "arabic": "سُبْحَانَكَ اللَّهُمَّ وَبِحَمْدِكَ...",
    "transliteration": "Subḥānaka Allāhumma wa bi-ḥamdika...",
    "translation": "Glory is to You, O Allah, and praise is Yours…",
    "reference": "Ṣaḥīḥ Muslim 770",
    "tags": ["prayer", "salah"]
  },
  {
    "id": 10,
    "category": "Eating",
    "title": "Before Eating",
    "arabic": "بِسْمِ اللَّهِ",
    "transliteration": "Bismillāh",
    "translation": "In the name of Allah.",
    "reference": "Ṣaḥīḥ al-Bukhārī 5376",
    "tags": ["eating", "food"]
  },
  {
    "id": 11,
    "category": "Eating",
    "title": "After Eating",
    "arabic": "الْحَمْدُ لِلَّهِ الَّذِي أَطْعَمَنَا...",
    "transliteration": "Al-ḥamdu lillāhil-ladhi aṭʿamanā...",
    "translation": "All praise is for Allah who fed us…",
    "reference": "Sunan Abī Dāwūd 2054",
    "tags": ["eating", "gratitude"]
  },
  {
    "id": 12,
    "category": "Wudu",
    "title": "After Completing Wudu",
    "arabic": "أَشْهَدُ أَنْ لَا إِلَهَ إِلَّا اللَّهُ...",
    "transliteration": "Ash-hadu an lā ilāha illā-llāh...",
    "translation": "I bear witness that none has the right to be worshipped except Allah…",
    "reference": "Ṣaḥīḥ Muslim 234",
    "tags": ["wudu", "purification"]
  },
  {
    "id": 13,
    "category": "Mosque",
    "title": "Entering the Mosque",
    "arabic": "اللَّهُمَّ افْتَحْ لِي أَبْوَابَ رَحْمَتِكَ",
    "transliteration": "Allāhumma iftaḥ lī abwāba raḥmatik",
    "translation": "O Allah, open for me the doors of Your mercy.",
    "reference": "Ṣaḥīḥ Muslim 713",
    "tags": ["mosque", "enter"]
  },
  {
    "id": 14,
    "category": "Mosque",
    "title": "Leaving the Mosque",
    "arabic": "اللَّهُمَّ إِنِّي أَسْأَلُكَ مِنْ فَضْلِكَ",
    "transliteration": "Allāhumma innī as’aluka min faḍlik",
    "translation": "O Allah, I ask You for Your bounty.",
    "reference": "Ṣaḥīḥ Muslim 713",
    "tags": ["mosque", "exit"]
  },
  {
    "id": 15,
    "category": "Home",
    "title": "Entering the Home",
    "arabic": "بِسْمِ اللَّهِ وَلَجْنَا وَبِسْمِ اللَّهِ خَرَجْنَا...",
    "transliteration": "Bismillāhi walajnā wa bismillāhi kharajnā...",
    "translation": "In the name of Allah we enter and in the name of Allah we leave…",
    "reference": "Sunan Abī Dāwūd 5096",
    "tags": ["home", "enter"]
  },
  {
    "id": 16,
    "category": "Home",
    "title": "Leaving the Home",
    "arabic": "بِسْمِ اللَّهِ تَوَكَّلْتُ عَلَى اللَّهِ...",
    "transliteration": "Bismillāh, tawakkaltu ʿalā-llāh...",
    "translation": "In the name of Allah, I place my trust in Allah…",
    "reference": "Sunan Abī Dāwūd 5095",
    "tags": ["home", "exit"]
  },
  {
    "id": 17,
    "category": "Clothing",
    "title": "Putting on Clothes",
    "arabic": "الْحَمْدُ لِلَّهِ الَّذِي كَسَانِي هَذَا",
    "transliteration": "Al-ḥamdu lillāhil-ladhī kasānī hādhā",
    "translation": "All praise is for Allah Who clothed me with this.",
    "reference": "Sunan Abī Dāwūd 4052",
    "tags": ["clothing"]
  },
  {
    "id": 18,
    "category": "Clothing",
    "title": "Removing Clothes",
    "arabic": "الْحَمْدُ لِلَّهِ الَّذِي لَبَسَنِي هَذَا",
    "transliteration": "Al-ḥamdu lillāhil-ladhī labasanī hādhā",
    "translation": "All praise is for Allah Who clothed me with this.",
    "reference": "Sunan Abī Dāwūd 4052",
    "tags": ["clothing"]
  },
  {
    "id": 19,
    "category": "Travel",
    "title": "Before Mounting a Vehicle",
    "arabic": "سُبْحَانَ الَّذِي سَخَّرَ لَنَا هَذَا وَمَا كُنَّا لَهُ مُقْرِنِينَ",
    "transliteration": "Subḥānalladhī sakhkhara lanā hādhā wa mā kunnā lahu muqtirinīn",
    "translation": "Glory to the One Who has subjected this to us, though we could not have done it ourselves.",
    "reference": "Sunan Ibn Mājah 4025",
    "tags": ["travel", "vehicle"]
  },
  {
    "id": 20,
    "category": "Travel",
    "title": "After Dismounting from Vehicle",
    "arabic": "الْحَمْدُ لِلَّهِ الَّذِي سَخَّرَ لَنَا هَذَا وَمَا كُنَّا لَهُ مُقْدِرِينَ",
    "transliteration": "Al-ḥamdu lillāhil-ladhī sakhkhara lanā hādhā wa mā kunnā lahu muqdirīn",
    "translation": "All praise is for Allah Who made this easy for us, though we were unable to control it.",
    "reference": "Sunan Abī Dāwūd 3831",
    "tags": ["travel", "vehicle"]
  },
  {
    "id": 21,
    "category": "Weather",
    "title": "When Rain Begins to Fall",
    "arabic": "اللَّهُمَّ صَيِّبًا نَافِعًا",
    "transliteration": "Allāhumma ṣayyiban nāfi‘an",
    "translation": "O Allah, let it be beneficial rain.",
    "reference": "Sunan Abī Dāwūd 1047",
    "tags": ["weather", "rain"]
  },
  {
    "id": 22,
    "category": "Weather",
    "title": "Seeing a Rainbow",
    "arabic": "سُبْحَانَ الَّذِي أَحْلَى وَجَمَلَ",
    "transliteration": "Subḥānalladhī aḥlā wa jamala",
    "translation": "Glory to the One who beautified and adorned.",
    "reference": "Sunan Abī Dāwūd 5085",
    "tags": ["weather", "rainbow"]
  },
  {
    "id": 23,
    "category": "Daily",
    "title": "When You Sneeze",
    "arabic": "الْحَمْدُ لِلَّهِ",
    "transliteration": "Al-ḥamdu lillāh",
    "translation": "All praise is for Allah.",
    "reference": "Sahih al-Bukhārī 6222",
    "tags": ["daily", "sneezing"]
  },
  {
    "id": 24,
    "category": "Daily",
    "title": "Response to Someone Who Sneezes",
    "arabic": "يَرْحَمُكَ اللَّهُ",
    "transliteration": "Yarḥamukallāh",
    "translation": "May Allah have mercy on you.",
    "reference": "Sahih al-Bukhārī 6223",
    "tags": ["daily", "sneezing"]
  },
  {
    "id": 25,
    "category": "Daily",
    "title": "Upon Hearing Good News",
    "arabic": "الْحَمْدُ لِلَّهِ عَلَى كُلِّ حَالٍ",
    "transliteration": "Al-ḥamdu lillāh ‘alā kulli ḥāl",
    "translation": "All praise is for Allah in every circumstance.",
    "reference": "Sunan al-Tirmidhī 3346",
    "tags": ["daily", "gratitude"]
  },
  {
    "id": 26,
    "category": "Gathering",
    "title": "Entering a Gathering",
    "arabic": "اللَّهُمَّ إِنِّي أَسْأَلُكَ خَيْرَهَا وَخَيْرَ مَا فِيهَا...",
    "transliteration": "Allāhumma innī as’aluka khayrahā wa khayra mā fīhā...",
    "translation": "O Allah, I ask You for its good and the good of what is in it…",
    "reference": "Ṣaḥīḥ Muslim 5786",
    "tags": ["gathering", "enter"]
  },
  {
    "id": 27,
    "category": "Gathering",
    "title": "Leaving a Gathering",
    "arabic": "اللَّهُمَّ إِنِّي أَسْأَلُكَ مِنْ فَضْلِكَ",
    "transliteration": "Allāhumma innī as’aluka min faḍlik",
    "translation": "O Allah, I ask You for Your bounty.",
    "reference": "Ṣaḥīḥ Muslim 2617",
    "tags": ["gathering", "exit"]
  },
  {
    "id": 28,
    "category": "Daily",
    "title": "Seeing the New Moon",
    "arabic": "اللَّهُمَّ أَهِلَّهُ عَلَيْنَا بِالْيُمْنِ وَالْبَرَكَةِ",
    "transliteration": "Allāhumma ahillahu ‘alaynā bilyumni wal-barakah",
    "translation": "O Allah, let it appear to us with blessings and prosperity.",
    "reference": "Sunan al-Tirmidhī 2288",
    "tags": ["daily", "moon"]
  },
  {
    "id": 29,
    "category": "Study",
    "title": "Dua for Seeking Knowledge",
    "arabic": "رَبِّ زِدْنِي عِلْمًا",
    "transliteration": "Rabbi zidnī ‘ilman",
    "translation": "My Lord, increase me in knowledge.",
    "reference": "Quran 20:114",
    "tags": ["study", "knowledge"]
  },
  {
    "id": 30,
    "category": "Quran",
    "title": "Upon Completing Recitation of the Qur’an",
    "arabic": "اللَّهُمَّ اجْعَلْنِي مِنْ أَهْلِ الْقُرْآنِ",
    "transliteration": "Allāhumma ij‘alnī min ahli-l-Qur'ān",
    "translation": "O Allah, make me among the people of the Qur’an.",
    "reference": "Sunan Abī Dāwūd 146",
    "tags": ["Quran", "recitation"]
  }
]
